324,547,715,645,357,473,317
,,,,,,
,,,,,,
,,,,,,
135,415,435,621,462,624,653
,,,,,,
,,,,,,
,,,,,,
275,612,451,513,615,473,174
,,,,,,
,,,,,,
,,,,,,
574,741,275,276,532,326,765
,,,,,,
,,,,,,
,,,,,,
152,725,472,157,452,651,216
,,,,,,
,,,,,,
,,,,,,
147,247,513,624,731,426,615
,,,,,,
,,,,,,
,,,,,,
164,124,641,725,246,764,354
,,,,,,
,,,,,,
,,,,,,
745,214,652,471,617,146,642
,,,,,,
,,,,,,
,,,,,,
243,253,251,513,241,236,316
,,,,,,
,,,,,,
,,,,,,
763,167,325,364,561,274,672
,,,,,,
,,,,,,
,,,,,,
457,263,125,531,175,274,637
,,,,,,
,,,,,,
,,,,,,
345,637,514,153,724,364,463
,,,,,,
,,,,,,
,,,,,,
135,275,371,471,673,436,314
,,,,,,
,,,,,,
,,,,,,
346,457,512,167,452,512,741
,,,,,,
,,,,,,
,,,,,,
235,613,531,465,431,645,647
,,,,,,
,,,,,,
,,,,,,
321,435,162,472,267,567,351
,,,,,,
,,,,,,
,,,,,,
362,623,215,153,615,614,617
,,,,,,
,,,,,,
,,,,,,
415,472,437,273,453,763,143
,,,,,,
,,,,,,
,,,,,,
741,472,716,372,475,576,627
,,,,,,
,,,,,,
,,,,,,
742,721,432,413,517,573,374
,,,,,,
,,,,,,
,,,,,,
346,543,256,172,173,175,627
,,,,,,
,,,,,,
,,,,,,
631,314,471,524,751,725,364
,,,,,,
,,,,,,
,,,,,,
231,361,427,461,675,346,316
,,,,,,
,,,,,,
,,,,,,
574,251,735,217,573,423,365
,,,,,,
,,,,,,
,,,,,,
123,145,167,247,256,346,357
,,,,,,
,,,,,,
,,,,,,
